rank,ticker,market_score,market_regime,ndx_direction,spy_direction,soxx_direction,dia_direction,top20_score,flow_score,direction_score,structure_score,price_score,index_score,current_price,call_wall,put_wall,support,resistance,call_gex,put_gex,net_gex,structure,price_location,gex_structure,wall_structure,index_bull,index_bear,index_neutral,decision_score,decision,reason,data_source
1,JPM,82.35294117647058,RISK-ON,BULLISH,BULLISH,BULLISH,BEARISH,90.58487542565656,91.5718126331771,57.20715705337858,63.94087542821211,70.0,70.0,332.3800048828125,332.5,330.0,330.0,332.5,233198883.02716804,-181305842.0525928,51893040.97457522,POSITIVE GEX STRUCTURE,NEAR SUPPORT | NEAR RESISTANCE,POSITIVE GEX,RANGE,3,1,0,74.69906034708532,🟡 관망,Strong market regime | Very high option flow | Buy-side estimate | Call dominant flow | POSITIVE GEX STRUCTURE | Positive GEX 56.3 | RANGE | NEAR SUPPORT | NEAR RESISTANCE | Index alignment BULL 3 / BEAR 1 / NEUTRAL 0,STEP8_GEX_PROXY_INTENSITY
2,MRK,82.35294117647058,RISK-ON,BULLISH,BULLISH,BULLISH,BEARISH,89.9377514646848,92.89426005985892,57.32232720267773,64.491551387612,63.0,70.0,139.5399932861328,140.0,135.0,135.0,140.0,48892179.89524686,-35648093.89922744,13244085.996019425,POSITIVE GEX STRUCTURE,ABOVE SUPPORT | NEAR RESISTANCE,POSITIVE GEX,RANGE,3,1,0,74.0577738295556,🟡 관망,Strong market regime | Very high option flow | Buy-side estimate | Call dominant flow | POSITIVE GEX STRUCTURE | Positive GEX 57.8 | RANGE | ABOVE SUPPORT | NEAR RESISTANCE | Index alignment BULL 3 / BEAR 1 / NEUTRAL 0,STEP8_GEX_PROXY_INTENSITY
3,TSLA,82.35294117647058,RISK-ON,BULLISH,BULLISH,BULLISH,BEARISH,89.47921619893376,92.79179155877588,52.157959501594824,66.731392653631,63.0,70.0,378.7300109863281,380.0,370.0,370.0,380.0,1094451492.6894696,-609437711.7875764,485013780.90189314,POSITIVE GEX STRUCTURE,ABOVE SUPPORT | NEAR RESISTANCE,POSITIVE GEX,RANGE,3,1,0,73.22326729067015,🟡 관망,Strong market regime | Very high option flow | Buy-side estimate | Balanced flow | POSITIVE GEX STRUCTURE | Positive GEX 64.2 | RANGE | ABOVE SUPPORT | NEAR RESISTANCE | Index alignment BULL 3 / BEAR 1 / NEUTRAL 0,STEP8_GEX_PROXY_INTENSITY
4,MRNA,82.35294117647058,RISK-ON,BULLISH,BULLISH,BULLISH,BEARISH,89.14738137626885,93.38341029193184,37.5,70.74887820955317,66.0,70.0,203.2100067138672,207.5,202.5,202.5,207.5,58615492.38303242,-18804472.989936776,39811019.39309564,POSITIVE GEX STRUCTURE,NEAR SUPPORT | BELOW RESISTANCE,POSITIVE GEX,RANGE,3,1,0,71.2913286292324,🟡 관망,Strong market regime | Very high option flow | Mixed directional flow | Call dominant flow | POSITIVE GEX STRUCTURE | Positive GEX 75.7 | RANGE | NEAR SUPPORT | BELOW RESISTANCE | Index alignment BULL 3 / BEAR 1 / NEUTRAL 0,STEP8_GEX_PROXY_INTENSITY
5,AMD,82.35294117647058,RISK-ON,BULLISH,BULLISH,BULLISH,BEARISH,90.35700042413607,91.5235943337516,37.5,69.09392042072969,70.0,70.0,631.75,640.0,630.0,630.0,640.0,714803979.0638977,-292208555.3331032,422595423.73079455,POSITIVE GEX STRUCTURE,NEAR SUPPORT | NEAR RESISTANCE,POSITIVE GEX,RANGE,3,1,0,71.26087886080498,🟡 관망,Strong market regime | Very high option flow | Mixed directional flow | Call dominant flow | POSITIVE GEX STRUCTURE | Positive GEX 71.0 | RANGE | NEAR SUPPORT | NEAR RESISTANCE | Index alignment BULL 3 / BEAR 1 / NEUTRAL 0,STEP8_GEX_PROXY_INTENSITY
6,GOOGL,82.35294117647058,RISK-ON,BULLISH,BULLISH,BULLISH,BEARISH,89.79085185669554,91.46045719009685,37.5,66.76772437271492,70.0,70.0,346.4700012207031,350.0,340.0,340.0,350.0,1052408906.4150348,-583383019.7513108,469025886.663724,POSITIVE GEX STRUCTURE,NEAR SUPPORT | NEAR RESISTANCE,POSITIVE GEX,RANGE,3,1,0,71.01247497008983,🟡 관망,Strong market regime | Very high option flow | Mixed directional flow | Call dominant flow | POSITIVE GEX STRUCTURE | Positive GEX 64.3 | RANGE | NEAR SUPPORT | NEAR RESISTANCE | Index alignment BULL 3 / BEAR 1 / NEUTRAL 0,STEP8_GEX_PROXY_INTENSITY
7,AAPL,82.35294117647058,RISK-ON,BULLISH,BULLISH,BULLISH,BEARISH,93.27819298659256,92.95799884230208,37.5,68.15337904639965,66.0,70.0,332.8900146484375,340.0,330.0,330.0,340.0,1895641481.995392,-880010100.1951194,1015631381.8002723,POSITIVE GEX STRUCTURE,NEAR SUPPORT | BELOW RESISTANCE,POSITIVE GEX,RANGE,3,1,0,70.9254258505096,🟡 관망,Strong market regime | Very high option flow | Mixed directional flow | Call dominant flow | POSITIVE GEX STRUCTURE | Positive GEX 68.3 | RANGE | NEAR SUPPORT | BELOW RESISTANCE | Index alignment BULL 3 / BEAR 1 / NEUTRAL 0,STEP8_GEX_PROXY_INTENSITY
8,SPY,82.35294117647058,RISK-ON,BULLISH,BULLISH,BULLISH,BEARISH,90.64077910281628,91.84895947439408,37.5,64.13742199857354,70.0,70.0,774.8300170898438,787.0,767.0,767.0,787.0,21678149887.298164,-16473363471.741394,5204786415.55677,POSITIVE GEX STRUCTURE,NEAR SUPPORT | NEAR RESISTANCE,POSITIVE GEX,RANGE,3,1,0,70.84657030374998,🟡 관망,Strong market regime | Very high option flow | Mixed directional flow | Call dominant flow | POSITIVE GEX STRUCTURE | Positive GEX 56.8 | RANGE | NEAR SUPPORT | NEAR RESISTANCE | Index alignment BULL 3 / BEAR 1 / NEUTRAL 0,STEP8_GEX_PROXY_INTENSITY
9,SPCX,82.35294117647058,RISK-ON,BULLISH,BULLISH,BULLISH,BEARISH,95.11662163636616,93.17040745976844,37.5,70.32841661135403,63.0,70.0,171.08999633789062,172.5,157.5,157.5,172.5,404555618.8681531,-138400913.78500694,266154705.08314613,POSITIVE GEX STRUCTURE,ABOVE SUPPORT | NEAR RESISTANCE,POSITIVE GEX,RANGE,3,1,0,70.74603176137164,🟡 관망,Strong market regime | Very high option flow | Mixed directional flow | Call dominant flow | POSITIVE GEX STRUCTURE | Positive GEX 74.5 | RANGE | ABOVE SUPPORT | NEAR RESISTANCE | Index alignment BULL 3 / BEAR 1 / NEUTRAL 0,STEP8_GEX_PROXY_INTENSITY
10,MSFT,82.35294117647058,RISK-ON,BULLISH,BULLISH,BULLISH,BEARISH,90.9391642377468,91.34654476274682,37.56141780609566,73.40256150303291,63.0,70.0,525.1799926757812,530.0,500.0,500.0,530.0,2547274500.039834,-510933866.73160416,2036340633.30823,POSITIVE GEX STRUCTURE,ABOVE SUPPORT | NEAR RESISTANCE,POSITIVE GEX,RANGE,3,1,0,70.60976413750325,🟡 관망,Strong market regime | Very high option flow | Mixed directional flow | Call dominant flow | POSITIVE GEX STRUCTURE | Positive GEX 83.3 | RANGE | ABOVE SUPPORT | NEAR RESISTANCE | Index alignment BULL 3 / BEAR 1 / NEUTRAL 0,STEP8_GEX_PROXY_INTENSITY
11,TQQQ,82.35294117647058,RISK-ON,BULLISH,BULLISH,BULLISH,BEARISH,89.37219404828716,92.76531354898692,37.5,68.93692260046892,59.0,70.0,83.12000274658203,85.0,81.0,81.0,85.0,78679790.43001308,-32868850.509062517,45810939.92095056,POSITIVE GEX STRUCTURE,ABOVE SUPPORT | BELOW RESISTANCE,POSITIVE GEX,RANGE,3,1,0,69.90560888258773,🟡 관망,Strong market regime | Very high option flow | Mixed directional flow | Call dominant flow | POSITIVE GEX STRUCTURE | Positive GEX 70.5 | RANGE | ABOVE SUPPORT | BELOW RESISTANCE | Index alignment BULL 3 / BEAR 1 / NEUTRAL 0,STEP8_GEX_PROXY_INTENSITY
12,SOXL,82.35294117647058,RISK-ON,BULLISH,BULLISH,BULLISH,BEARISH,88.93707979003922,93.43987216921352,32.5,66.21850857347496,63.0,70.0,164.27000427246094,165.0,160.0,160.0,165.0,46737652.0111628,-27724290.406075444,19013361.60508736,POSITIVE GEX STRUCTURE,ABOVE SUPPORT | NEAR RESISTANCE,POSITIVE GEX,RANGE,3,1,0,69.402407134945,🟡 관망,Strong market regime | Very high option flow | Mixed directional flow | Balanced flow | POSITIVE GEX STRUCTURE | Positive GEX 62.8 | RANGE | ABOVE SUPPORT | NEAR RESISTANCE | Index alignment BULL 3 / BEAR 1 / NEUTRAL 0,STEP8_GEX_PROXY_INTENSITY
13,NVDA,82.35294117647058,RISK-ON,BULLISH,BULLISH,BULLISH,BEARISH,94.78250121665616,93.00484303105216,18.0,71.35729984199025,70.0,70.0,238.8999938964844,240.0,235.0,235.0,240.0,2912443044.813596,-848001822.903321,2064441221.9102747,POSITIVE GEX STRUCTURE,NEAR SUPPORT | NEAR RESISTANCE,POSITIVE GEX,RANGE,3,1,0,67.95752897725617,🟡 관망,Strong market regime | Very high option flow | Sell-side estimate | Call dominant flow | POSITIVE GEX STRUCTURE | Positive GEX 77.4 | RANGE | NEAR SUPPORT | NEAR RESISTANCE | Index alignment BULL 3 / BEAR 1 / NEUTRAL 0,STEP8_GEX_PROXY_INTENSITY
14,AMZN,82.35294117647058,RISK-ON,BULLISH,BULLISH,BULLISH,BEARISH,91.74215074387932,94.60421515672304,18.0,66.92898464202531,70.0,70.0,251.3999938964844,252.5,250.0,250.0,252.5,1081738686.9862957,-587685876.861341,494052810.1249547,POSITIVE GEX STRUCTURE,NEAR SUPPORT | NEAR RESISTANCE,POSITIVE GEX,RANGE,3,1,0,67.91454048867742,🟡 관망,Strong market regime | Very high option flow | Sell-side estimate | Call dominant flow | POSITIVE GEX STRUCTURE | Positive GEX 64.8 | RANGE | NEAR SUPPORT | NEAR RESISTANCE | Index alignment BULL 3 / BEAR 1 / NEUTRAL 0,STEP8_GEX_PROXY_INTENSITY
15,META,82.35294117647058,RISK-ON,BULLISH,BULLISH,BULLISH,BEARISH,92.668193765614,91.4526271865236,18.0,71.88699057788786,70.0,70.0,741.9000244140625,750.0,740.0,740.0,750.0,2375712924.288696,-632934204.484868,1742778719.8038273,POSITIVE GEX STRUCTURE,NEAR SUPPORT | NEAR RESISTANCE,POSITIVE GEX,RANGE,3,1,0,67.62244408971381,🟡 관망,Strong market regime | Very high option flow | Sell-side estimate | Call dominant flow | POSITIVE GEX STRUCTURE | Positive GEX 79.0 | RANGE | NEAR SUPPORT | NEAR RESISTANCE | Index alignment BULL 3 / BEAR 1 / NEUTRAL 0,STEP8_GEX_PROXY_INTENSITY
16,USO,82.35294117647058,RISK-ON,BULLISH,BULLISH,BULLISH,BEARISH,89.33588208855834,92.21738565973877,37.50404927182923,36.247730141294,63.0,70.0,143.99000549316406,144.0,140.0,140.0,144.0,107828098.6036286,-135690366.14697054,-27862267.54334193,NEGATIVE GEX STRUCTURE,ABOVE SUPPORT | NEAR RESISTANCE,NEGATIVE GEX,RANGE,3,1,0,67.10051751872406,🟡 관망,Strong market regime | Very high option flow | Mixed directional flow | Call dominant flow | NEGATIVE GEX STRUCTURE | Negative GEX 44.3 | RANGE | ABOVE SUPPORT | NEAR RESISTANCE | Index alignment BULL 3 / BEAR 1 / NEUTRAL 0,STEP8_GEX_PROXY_INTENSITY
17,TLT,82.35294117647058,RISK-ON,BULLISH,BULLISH,BULLISH,BEARISH,90.00156633466644,91.88613150101104,27.525892807352193,38.10103842852929,70.0,70.0,77.11000061035156,78.0,77.0,77.0,78.0,1141634786.577388,-1161237038.3451643,-19602251.76777625,NEGATIVE GEX STRUCTURE,NEAR SUPPORT | NEAR RESISTANCE,NEGATIVE GEX,RANGE,3,1,0,66.25740351487025,🟡 관망,Strong market regime | Very high option flow | Mixed directional flow | Put dominant flow | NEGATIVE GEX STRUCTURE | Negative GEX 49.6 | RANGE | NEAR SUPPORT | NEAR RESISTANCE | Index alignment BULL 3 / BEAR 1 / NEUTRAL 0,STEP8_GEX_PROXY_INTENSITY
18,CSCO,82.35294117647058,RISK-ON,BULLISH,BULLISH,BULLISH,BEARISH,90.20335895364084,91.13893489107448,18.0,67.59451492688528,63.0,70.0,112.81999969482422,115.0,110.0,110.0,115.0,94196901.24043068,-47030772.74383905,47166128.49659162,POSITIVE GEX STRUCTURE,ABOVE SUPPORT | NEAR RESISTANCE,POSITIVE GEX,RANGE,3,1,0,66.06477345075126,🟡 관망,Strong market regime | Very high option flow | Sell-side estimate | Call dominant flow | POSITIVE GEX STRUCTURE | Positive GEX 66.7 | RANGE | ABOVE SUPPORT | NEAR RESISTANCE | Index alignment BULL 3 / BEAR 1 / NEUTRAL 0,STEP8_GEX_PROXY_INTENSITY
19,HYG,82.35294117647058,RISK-ON,BULLISH,BULLISH,BULLISH,BEARISH,90.8830171728322,92.23292753838072,27.5,30.617626137894234,66.0,70.0,76.9800033569336,79.0,76.0,76.0,79.0,1705964266.0785532,-4345009745.132949,-2639045479.054396,NEGATIVE GEX STRUCTURE,NEAR SUPPORT | BELOW RESISTANCE,NEGATIVE GEX,RANGE,3,1,0,64.99058273367872,🟡 관망,Strong market regime | Very high option flow | Mixed directional flow | Put dominant flow | NEGATIVE GEX STRUCTURE | Negative GEX 28.2 | RANGE | NEAR SUPPORT | BELOW RESISTANCE | Index alignment BULL 3 / BEAR 1 / NEUTRAL 0,STEP8_GEX_PROXY_INTENSITY
20,LULU,82.35294117647058,RISK-ON,BULLISH,BULLISH,BULLISH,BEARISH,90.51906684298072,90.71208937849455,8.0,33.19106444718852,59.0,70.0,93.13999938964844,100.0,90.0,90.0,100.0,12770256.67659049,-23155848.005044885,-10385591.328454396,NEGATIVE GEX STRUCTURE,ABOVE SUPPORT | BELOW RESISTANCE,NEGATIVE GEX,RANGE,3,1,0,59.917717024636616,🟡 관망,Strong market regime | Very high option flow | Sell-side estimate | Put dominant flow | NEGATIVE GEX STRUCTURE | Negative GEX 35.5 | RANGE | ABOVE SUPPORT | BELOW RESISTANCE | Index alignment BULL 3 / BEAR 1 / NEUTRAL 0,STEP8_GEX_PROXY_INTENSITY
