symbol,current_price,option_rows_analyzed,expiration_count,dte_min,dte_max,call_count,put_count,call_premium,put_premium,call_put_imbalance,structure_bias,call_wall,put_wall,total_gex,call_gex,put_gex,top_calls,top_puts,risk_reversal,rr_score,rr_call_strike,rr_call_dte,rr_call_premium,rr_put_strike,rr_put_dte,rr_put_premium
SPCX,171.08999633789062,1451,11,3,164,774,677,591810772.0,138643260.0,0.620391553947915,CALL DOMINANT,170.0,150.0,,,,"$165.00 CALL | DTE 3 | Vol 49450 | OI 10446 | IV 56.8% | Delta +0.77 | Gamma 0.0345 | Premium $38,323,750 | SELL EST. | Conf 1.00 || $175.00 CALL | DTE 3 | Vol 35057 | OI 8397 | IV 56.4% | Delta +0.34 | Gamma 0.0419 | Premium $8,466,266 | SELL EST. | Conf 1.00 || $160.00 CALL | DTE 3 | Vol 28783 | OI 18082 | IV 56.0% | Delta +0.91 | Gamma 0.0184 | Premium $33,676,110 | BUY EST. | Conf 1.00 || $170.00 CALL | DTE 17 | Vol 2529 | OI 1562 | IV 49.0% | Delta +0.55 | Gamma 0.0219 | Premium $1,978,942 | BUY EST. | Conf 1.00 || $170.00 CALL | DTE 10 | Vol 23651 | OI 28516 | IV 49.9% | Delta +0.55 | Gamma 0.0280 | Premium $15,136,640 | SELL EST. | Conf 1.00","$170.00 PUT | DTE 3 | Vol 15311 | OI 108 | IV 54.0% | Delta -0.44 | Gamma 0.0470 | Premium $5,090,908 | BUY EST. | Conf 1.00 || $175.00 PUT | DTE 3 | Vol 1386 | OI 15 | IV 54.9% | Delta -0.66 | Gamma 0.0428 | Premium $862,785 | BUY EST. | Conf 1.00 || $167.50 PUT | DTE 10 | Vol 3856 | OI 91 | IV 48.3% | Delta -0.37 | Gamma 0.0277 | Premium $1,542,400 | SELL EST. | Conf 1.00 || $165.00 PUT | DTE 3 | Vol 47967 | OI 552 | IV 54.2% | Delta -0.22 | Gamma 0.0353 | Premium $7,219,033 | BUY EST. | Conf 1.00 || $165.00 PUT | DTE 24 | Vol 5502 | OI 50 | IV 47.0% | Delta -0.35 | Gamma 0.0180 | Premium $3,026,100 | BUY EST. | Conf 1.00",BULLISH RISK-REVERSAL EST.,203.8352872618127,170.0,17.0,1978942.5,167.5,10.0,1542400.0
NVDA,238.8999938964844,2282,14,1,164,1212,1070,812610859.0,228336895.5,0.5612903827057537,CALL DOMINANT,240.0,230.0,,,,"$237.50 CALL | DTE 1 | Vol 47895 | OI 3475 | IV 32.4% | Delta +0.64 | Gamma 0.0921 | Premium $14,440,342 | SELL EST. | Conf 1.00 || $235.00 CALL | DTE 1 | Vol 13919 | OI 4649 | IV 34.5% | Delta +0.82 | Gamma 0.0602 | Premium $6,681,120 | SELL EST. | Conf 1.00 || $240.00 CALL | DTE 1 | Vol 73465 | OI 7290 | IV 31.5% | Delta +0.40 | Gamma 0.0978 | Premium $12,489,050 | SELL EST. | Conf 1.00 || $237.50 CALL | DTE 3 | Vol 31028 | OI 9342 | IV 32.2% | Delta +0.59 | Gamma 0.0558 | Premium $12,100,920 | SELL EST. | Conf 1.00 || $237.50 CALL | DTE 6 | Vol 6263 | OI 1402 | IV 27.8% | Delta +0.58 | Gamma 0.0459 | Premium $2,708,748 | SELL EST. | Conf 1.00","$240.00 PUT | DTE 1 | Vol 19158 | OI 267 | IV 28.3% | Delta -0.62 | Gamma 0.1079 | Premium $4,923,606 | BUY EST. | Conf 1.00 || $242.50 PUT | DTE 1 | Vol 2276 | OI 153 | IV 29.2% | Delta -0.83 | Gamma 0.0687 | Premium $967,300 | BUY EST. | Conf 1.00 || $250.00 PUT | DTE 3 | Vol 4416 | OI 215 | IV 31.3% | Delta -0.94 | Gamma 0.0170 | Premium $4,923,840 | BUY EST. | Conf 1.00 || $237.50 PUT | DTE 3 | Vol 22335 | OI 2952 | IV 28.5% | Delta -0.40 | Gamma 0.0626 | Premium $4,835,528 | BUY EST. | Conf 1.00 || $237.50 PUT | DTE 6 | Vol 6250 | OI 168 | IV 24.6% | Delta -0.41 | Gamma 0.0516 | Premium $1,606,250 | BUY EST. | Conf 1.00",BULLISH RISK-REVERSAL EST.,202.26221763986052,245.0,1.0,1301525.0,235.0,3.0,4492408.5
AAPL,332.8900146484375,1557,14,1,164,836,721,137694128.0,39051322.5,0.5581066172902708,CALL DOMINANT,340.0,330.0,,,,"$332.50 CALL | DTE 1 | Vol 8558 | OI 1665 | IV 26.5% | Delta +0.54 | Gamma 0.0861 | Premium $2,267,870 | SELL EST. | Conf 1.00 || $335.00 CALL | DTE 1 | Vol 26545 | OI 1275 | IV 25.5% | Delta +0.32 | Gamma 0.0808 | Premium $3,981,750 | BUY EST. | Conf 0.85 || $337.50 CALL | DTE 1 | Vol 15574 | OI 1507 | IV 25.3% | Delta +0.15 | Gamma 0.0536 | Premium $1,238,133 | BUY EST. | Conf 1.00 || $332.50 CALL | DTE 3 | Vol 4605 | OI 2900 | IV 27.0% | Delta +0.53 | Gamma 0.0488 | Premium $1,749,900 | SELL EST. | Conf 0.83 || $330.00 CALL | DTE 1 | Vol 938 | OI 972 | IV 38.6% | Delta +0.67 | Gamma 0.0536 | Premium $438,515 | SELL EST. | Conf 0.97","$332.50 PUT | DTE 3 | Vol 4031 | OI 1028 | IV 23.7% | Delta -0.47 | Gamma 0.0556 | Premium $1,185,114 | BUY EST. | Conf 0.94 || $330.00 PUT | DTE 1 | Vol 7239 | OI 1111 | IV 25.6% | Delta -0.25 | Gamma 0.0717 | Premium $857,822 | BUY EST. | Conf 1.00 || $345.00 PUT | DTE 1 | Vol 579 | OI 43 | IV 58.5% | Delta -0.87 | Gamma 0.0203 | Premium $726,645 | SELL EST. | Conf 0.84 || $340.00 PUT | DTE 1 | Vol 429 | OI 91 | IV 29.3% | Delta -0.91 | Gamma 0.0309 | Premium $297,082 | BUY EST. | Conf 0.85 || $347.50 PUT | DTE 1 | Vol 400 | OI 16 | IV 64.6% | Delta -0.89 | Gamma 0.0162 | Premium $601,000 | SELL EST. | Conf 0.86",BULLISH RISK-REVERSAL EST.,188.85929048847203,337.5,1.0,1238132.9999999998,327.5,6.0,22579.000000000004
META,741.9000244140625,3242,14,1,164,1766,1476,752467327.0,142548878.5,0.681460787806931,CALL DOMINANT,750.0,750.0,,,,"$740.00 CALL | DTE 1 | Vol 4019 | OI 206 | IV 36.6% | Delta +0.56 | Gamma 0.0277 | Premium $3,586,958 | SELL EST. | Conf 1.00 || $732.50 CALL | DTE 1 | Vol 2147 | OI 241 | IV 38.5% | Delta +0.74 | Gamma 0.0216 | Premium $2,914,552 | SELL EST. | Conf 1.00 || $730.00 CALL | DTE 1 | Vol 2671 | OI 435 | IV 38.1% | Delta +0.80 | Gamma 0.0192 | Premium $4,106,662 | SELL EST. | Conf 1.00 || $745.00 CALL | DTE 1 | Vol 4402 | OI 138 | IV 36.5% | Delta +0.42 | Gamma 0.0276 | Premium $2,861,300 | SELL EST. | Conf 1.00 || $737.50 CALL | DTE 1 | Vol 1071 | OI 191 | IV 36.7% | Delta +0.63 | Gamma 0.0266 | Premium $1,103,130 | SELL EST. | Conf 1.00","$745.00 PUT | DTE 1 | Vol 1899 | OI 25 | IV 34.9% | Delta -0.58 | Gamma 0.0288 | Premium $1,751,828 | BUY EST. | Conf 1.00 || $742.50 PUT | DTE 1 | Vol 1741 | OI 80 | IV 34.9% | Delta -0.51 | Gamma 0.0294 | Premium $1,371,038 | BUY EST. | Conf 1.00 || $737.50 PUT | DTE 1 | Vol 13481 | OI 92 | IV 35.0% | Delta -0.37 | Gamma 0.0277 | Premium $7,515,658 | BUY EST. | Conf 1.00 || $747.50 PUT | DTE 1 | Vol 479 | OI 14 | IV 35.4% | Delta -0.65 | Gamma 0.0269 | Premium $513,728 | BUY EST. | Conf 1.00 || $742.50 PUT | DTE 3 | Vol 1240 | OI 25 | IV 35.8% | Delta -0.50 | Gamma 0.0166 | Premium $1,401,200 | BUY EST. | Conf 1.00",BULLISH RISK-REVERSAL EST.,198.98000228093116,755.0,17.0,1117060.0,740.0,3.0,1906485.0
AMZN,251.3999938964844,1199,14,1,164,631,568,137239012.5,60440110.0,0.38850285011761926,CALL DOMINANT,260.0,250.0,,,,"$250.00 CALL | DTE 1 | Vol 6910 | OI 944 | IV 41.9% | Delta +0.61 | Gamma 0.0698 | Premium $2,335,580 | SELL EST. | Conf 0.93 || $240.00 CALL | DTE 1 | Vol 2486 | OI 175 | IV 56.1% | Delta +0.95 | Gamma 0.0150 | Premium $3,001,845 | SELL EST. | Conf 1.00 || $255.00 CALL | DTE 1 | Vol 21764 | OI 2492 | IV 32.8% | Delta +0.21 | Gamma 0.0664 | Premium $2,121,990 | SELL EST. | Conf 1.00 || $242.50 CALL | DTE 3 | Vol 1867 | OI 1112 | IV 39.8% | Delta +0.85 | Gamma 0.0260 | Premium $1,806,322 | BUY EST. | Conf 1.00 || $255.00 CALL | DTE 3 | Vol 14149 | OI 6112 | IV 31.3% | Delta +0.32 | Gamma 0.0499 | Premium $2,504,373 | SELL EST. | Conf 1.00","$262.50 PUT | DTE 1 | Vol 3723 | OI 17 | IV 62.1% | Delta -0.90 | Gamma 0.0207 | Premium $4,104,608 | SELL EST. | Conf 0.98 || $257.50 PUT | DTE 1 | Vol 3528 | OI 56 | IV 36.4% | Delta -0.89 | Gamma 0.0385 | Premium $2,169,720 | BUY EST. | Conf 0.85 || $255.00 PUT | DTE 1 | Vol 1592 | OI 115 | IV 32.6% | Delta -0.79 | Gamma 0.0665 | Premium $656,700 | BUY EST. | Conf 0.82 || $260.00 PUT | DTE 3 | Vol 1007 | OI 527 | IV 37.0% | Delta -0.84 | Gamma 0.0294 | Premium $926,440 | SELL EST. | Conf 1.00 || $265.00 PUT | DTE 3 | Vol 1129 | OI 229 | IV 52.8% | Delta -0.86 | Gamma 0.0187 | Premium $1,532,618 | SELL EST. | Conf 1.00",BULLISH RISK-REVERSAL EST.,188.69033850594678,262.5,6.0,18166.0,260.0,3.0,926440.0
MSFT,525.1799926757812,1763,13,1,164,923,840,268762715.0,74097654.5,0.5677677498390493,CALL DOMINANT,530.0,500.0,,,,"$527.50 CALL | DTE 1 | Vol 5227 | OI 909 | IV 31.3% | Delta +0.40 | Gamma 0.0448 | Premium $1,751,045 | SELL EST. | Conf 0.87 || $530.00 CALL | DTE 1 | Vol 14945 | OI 1111 | IV 27.9% | Delta +0.27 | Gamma 0.0432 | Premium $3,258,010 | BUY EST. | Conf 0.85 || $525.00 CALL | DTE 8 | Vol 395 | OI 38 | IV 30.0% | Delta +0.52 | Gamma 0.0171 | Premium $341,675 | BUY EST. | Conf 1.00 || $532.50 CALL | DTE 3 | Vol 1744 | OI 571 | IV 30.0% | Delta +0.31 | Gamma 0.0248 | Premium $579,880 | SELL EST. | Conf 0.95 || $520.00 CALL | DTE 1 | Vol 1357 | OI 1396 | IV 34.1% | Delta +0.72 | Gamma 0.0362 | Premium $1,027,928 | SELL EST. | Conf 0.84","$525.00 PUT | DTE 1 | Vol 3834 | OI 30 | IV 26.4% | Delta -0.48 | Gamma 0.0550 | Premium $1,437,750 | BUY EST. | Conf 0.92 || $527.50 PUT | DTE 1 | Vol 1722 | OI 13 | IV 28.3% | Delta -0.61 | Gamma 0.0493 | Premium $873,915 | BUY EST. | Conf 0.87 || $525.00 PUT | DTE 3 | Vol 3437 | OI 543 | IV 27.1% | Delta -0.48 | Gamma 0.0309 | Premium $1,847,388 | BUY EST. | Conf 0.88 || $530.00 PUT | DTE 3 | Vol 981 | OI 29 | IV 28.1% | Delta -0.63 | Gamma 0.0282 | Premium $804,420 | BUY EST. | Conf 0.86 || $532.50 PUT | DTE 1 | Vol 209 | OI 3 | IV 29.8% | Delta -0.81 | Gamma 0.0333 | Premium $176,605 | SELL EST. | Conf 1.00",BULLISH RISK-REVERSAL EST.,197.00630156125368,525.0,8.0,341674.99999999994,512.5,3.0,305881.0
HYG,76.9800033569336,434,11,3,164,167,267,9902740.0,44739260.5,-0.63754108892847,PUT DOMINANT,78.0,77.0,,,,"$81.00 CALL | DTE 73 | Vol 28191 | OI 35125 | IV 8.8% | Delta +0.14 | Gamma 0.0743 | Premium $225,528 | SELL EST. | Conf 1.00 || $78.50 CALL | DTE 3 | Vol 4759 | OI 428 | IV 21.7% | Delta +0.17 | Gamma 0.1650 | Premium $45,210 | SELL EST. | Conf 0.95 || $84.00 CALL | DTE 45 | Vol 30000 | OI 30003 | IV 17.9% | Delta +0.10 | Gamma 0.0364 | Premium $300,000 | SELL EST. | Conf 0.95 || $78.00 CALL | DTE 136 | Vol 38500 | OI 38519 | IV 6.6% | Delta +0.53 | Gamma 0.1290 | Premium $2,040,500 | UNKNOWN | Conf 0.00 || $83.00 CALL | DTE 45 | Vol 10000 | OI 10005 | IV 17.3% | Delta +0.13 | Gamma 0.0451 | Premium $130,000 | SELL EST. | Conf 0.81","$76.50 PUT | DTE 24 | Vol 21006 | OI 1103 | IV 9.8% | Delta -0.36 | Gamma 0.1926 | Premium $966,276 | SELL EST. | Conf 0.86 || $85.00 PUT | DTE 10 | Vol 2469 | OI 4 | IV 45.9% | Delta -0.89 | Gamma 0.0311 | Premium $1,999,890 | BUY EST. | Conf 0.80 || $78.00 PUT | DTE 136 | Vol 2500 | OI 2505 | IV 5.1% | Delta -0.47 | Gamma 0.1675 | Premium $243,750 | BUY EST. | Conf 0.90 || $78.50 PUT | DTE 24 | Vol 4881 | OI 7 | IV 12.2% | Delta -0.70 | Gamma 0.1442 | Premium $766,317 | UNKNOWN | Conf 0.00 || $76.00 PUT | DTE 73 | Vol 10394 | OI 59268 | IV 10.1% | Delta -0.31 | Gamma 0.1022 | Premium $893,884 | BUY EST. | Conf 0.89",BULLISH RISK-REVERSAL EST.,172.9958810924569,82.0,10.0,5000.0,76.5,24.0,966276.0
SPY,774.8300170898438,6896,22,0,176,3504,3392,736424517.0,434876374.5,0.25744720651055697,CALL DOMINANT,780.0,767.0,,,,"$773.00 CALL | DTE 1 | Vol 7972 | OI 696 | IV 11.2% | Delta +0.66 | Gamma 0.0802 | Premium $2,834,046 | SELL EST. | Conf 1.00 || $774.00 CALL | DTE 1 | Vol 7549 | OI 775 | IV 10.9% | Delta +0.58 | Gamma 0.0883 | Premium $2,192,984 | SELL EST. | Conf 1.00 || $775.00 CALL | DTE 1 | Vol 14287 | OI 1386 | IV 10.5% | Delta +0.49 | Gamma 0.0940 | Premium $3,293,153 | BUY EST. | Conf 1.00 || $775.00 CALL | DTE 2 | Vol 3210 | OI 484 | IV 10.9% | Delta +0.50 | Gamma 0.0641 | Premium $946,950 | SELL EST. | Conf 1.00 || $776.00 CALL | DTE 1 | Vol 6074 | OI 682 | IV 10.3% | Delta +0.40 | Gamma 0.0928 | Premium $1,093,320 | BUY EST. | Conf 1.00","$776.00 PUT | DTE 1 | Vol 5840 | OI 107 | IV 9.7% | Delta -0.61 | Gamma 0.0975 | Premium $1,646,880 | SELL EST. | Conf 1.00 || $777.00 PUT | DTE 1 | Vol 2913 | OI 26 | IV 9.5% | Delta -0.70 | Gamma 0.0896 | Premium $990,420 | BUY EST. | Conf 1.00 || $775.00 PUT | DTE 1 | Vol 10272 | OI 301 | IV 9.9% | Delta -0.51 | Gamma 0.0994 | Premium $2,408,784 | SELL EST. | Conf 1.00 || $774.00 PUT | DTE 1 | Vol 10123 | OI 84 | IV 10.2% | Delta -0.41 | Gamma 0.0945 | Premium $1,948,678 | SELL EST. | Conf 1.00 || $776.00 PUT | DTE 6 | Vol 3860 | OI 21 | IV 8.8% | Delta -0.53 | Gamma 0.0456 | Premium $1,686,820 | BUY EST. | Conf 1.00",BULLISH RISK-REVERSAL EST.,209.26128589986644,775.0,1.0,3293153.4999999995,774.0,1.0,1948677.5
JPM,332.3800048828125,862,10,3,164,457,405,132937805.0,11161475.0,0.8450863182661288,CALL DOMINANT,332.5,330.0,,,,"$325.00 CALL | DTE 3 | Vol 2513 | OI 336 | IV 18.2% | Delta +0.92 | Gamma 0.0278 | Premium $1,733,970 | BUY EST. | Conf 1.00 || $335.00 CALL | DTE 3 | Vol 3415 | OI 1757 | IV 20.2% | Delta +0.34 | Gamma 0.0604 | Premium $539,570 | SELL EST. | Conf 1.00 || $337.50 CALL | DTE 3 | Vol 1661 | OI 538 | IV 20.6% | Delta +0.21 | Gamma 0.0470 | Premium $155,304 | SELL EST. | Conf 1.00 || $300.00 CALL | DTE 10 | Vol 1193 | OI 150 | IV 35.1% | Delta +0.96 | Gamma 0.0040 | Premium $3,802,688 | BUY EST. | Conf 0.93 || $335.00 CALL | DTE 10 | Vol 745 | OI 1970 | IV 30.9% | Delta +0.46 | Gamma 0.0234 | Premium $402,300 | SELL EST. | Conf 1.00","$330.00 PUT | DTE 10 | Vol 1268 | OI 3429 | IV 33.3% | Delta -0.43 | Gamma 0.0214 | Premium $802,010 | SELL EST. | Conf 0.86 || $365.00 PUT | DTE 73 | Vol 401 | OI 524 | IV 24.7% | Delta -0.76 | Gamma 0.0084 | Premium $1,432,572 | BUY EST. | Conf 1.00 || $370.00 PUT | DTE 73 | Vol 200 | OI 223 | IV 26.0% | Delta -0.79 | Gamma 0.0075 | Premium $804,500 | SELL EST. | Conf 0.95 || $327.50 PUT | DTE 10 | Vol 300 | OI 350 | IV 34.1% | Delta -0.38 | Gamma 0.0203 | Premium $158,250 | SELL EST. | Conf 0.80 || $335.00 PUT | DTE 3 | Vol 153 | OI 780 | IV 35.7% | Delta -0.59 | Gamma 0.0362 | Premium $90,652 | SELL EST. | Conf 0.92",BULLISH RISK-REVERSAL EST.,185.1786280762654,325.0,3.0,1733970.0,322.5,10.0,18417.5
LULU,93.13999938964844,882,10,3,164,457,425,5625974.0,142145681.5,-0.9238558439240061,PUT DOMINANT,100.0,90.0,,,,"$91.00 CALL | DTE 3 | Vol 282 | OI 2 | IV 49.2% | Delta +0.71 | Gamma 0.0825 | Premium $85,587 | SELL EST. | Conf 1.00 || $94.00 CALL | DTE 3 | Vol 755 | OI 54 | IV 46.2% | Delta +0.42 | Gamma 0.1003 | Premium $98,528 | SELL EST. | Conf 1.00 || $93.00 CALL | DTE 10 | Vol 184 | OI 3 | IV 45.5% | Delta +0.53 | Gamma 0.0568 | Premium $49,220 | SELL EST. | Conf 1.00 || $87.00 CALL | DTE 3 | Vol 122 | OI 19 | IV 67.3% | Delta +0.88 | Gamma 0.0361 | Premium $70,455 | BUY EST. | Conf 1.00 || $88.00 CALL | DTE 3 | Vol 122 | OI 18 | IV 67.3% | Delta +0.83 | Gamma 0.0440 | Premium $62,830 | BUY EST. | Conf 1.00","$94.00 PUT | DTE 3 | Vol 482 | OI 546 | IV 56.6% | Delta -0.56 | Gamma 0.0825 | Premium $111,824 | BUY EST. | Conf 0.89 || $170.00 PUT | DTE 101 | Vol 956 | OI 2 | IV 61.7% | Delta -0.95 | Gamma 0.0033 | Premium $7,397,050 | SELL EST. | Conf 1.00 || $165.00 PUT | DTE 73 | Vol 264 | OI 4 | IV 68.4% | Delta -0.95 | Gamma 0.0034 | Premium $1,909,380 | SELL EST. | Conf 1.00 || $175.00 PUT | DTE 101 | Vol 666 | OI 196 | IV 68.8% | Delta -0.94 | Gamma 0.0037 | Premium $5,502,825 | SELL EST. | Conf 1.00 || $92.00 PUT | DTE 10 | Vol 821 | OI 167 | IV 43.4% | Delta -0.41 | Gamma 0.0582 | Premium $171,589 | UNKNOWN | Conf 0.00",BULLISH RISK-REVERSAL EST.,168.16338219905674,110.0,45.0,86971.5,99.0,31.0,17692.5
AMD,631.75,3049,14,1,164,1554,1495,494873618.5,150768476.0,0.5329657800061548,CALL DOMINANT,640.0,600.0,,,,"$630.00 CALL | DTE 1 | Vol 3122 | OI 282 | IV 46.1% | Delta +0.55 | Gamma 0.0259 | Premium $2,887,850 | SELL EST. | Conf 0.80 || $640.00 CALL | DTE 1 | Vol 2730 | OI 809 | IV 45.8% | Delta +0.30 | Gamma 0.0229 | Premium $1,365,000 | SELL EST. | Conf 1.00 || $622.50 CALL | DTE 1 | Vol 213 | OI 27 | IV 47.9% | Delta +0.73 | Gamma 0.0210 | Premium $294,472 | SELL EST. | Conf 1.00 || $632.50 CALL | DTE 3 | Vol 941 | OI 201 | IV 46.9% | Delta +0.50 | Gamma 0.0149 | Premium $1,105,675 | SELL EST. | Conf 0.80 || $640.00 CALL | DTE 17 | Vol 2308 | OI 402 | IV 46.6% | Delta +0.48 | Gamma 0.0063 | Premium $5,071,830 | SELL EST. | Conf 1.00","$650.00 PUT | DTE 1 | Vol 119 | OI 15 | IV 49.2% | Delta -0.86 | Gamma 0.0136 | Premium $244,842 | SELL EST. | Conf 1.00 || $627.50 PUT | DTE 1 | Vol 700 | OI 42 | IV 45.5% | Delta -0.38 | Gamma 0.0254 | Premium $434,000 | BUY EST. | Conf 0.83 || $632.50 PUT | DTE 3 | Vol 454 | OI 283 | IV 45.2% | Delta -0.50 | Gamma 0.0154 | Premium $519,830 | BUY EST. | Conf 1.00 || $640.00 PUT | DTE 17 | Vol 701 | OI 56 | IV 44.3% | Delta -0.53 | Gamma 0.0066 | Premium $2,027,642 | BUY EST. | Conf 1.00 || $625.00 PUT | DTE 3 | Vol 779 | OI 487 | IV 44.7% | Delta -0.38 | Gamma 0.0149 | Premium $662,150 | BUY EST. | Conf 1.00",BULLISH RISK-REVERSAL EST.,193.86586076716765,652.5,1.0,185783.0,650.0,1.0,244842.5
CSCO,112.81999969482422,679,10,3,164,364,315,59085369.0,2326256.0,0.9242405326353114,CALL DOMINANT,110.0,110.0,,,,"$92.50 CALL | DTE 10 | Vol 5025 | OI 21 | IV 83.5% | Delta +0.93 | Gamma 0.0081 | Premium $9,999,750 | SELL EST. | Conf 1.00 || $102.00 CALL | DTE 17 | Vol 803 | OI 803 | IV 57.6% | Delta +0.81 | Gamma 0.0192 | Premium $897,353 | SELL EST. | Conf 1.00 || $87.50 CALL | DTE 10 | Vol 901 | OI 9 | IV 115.9% | Delta +0.92 | Gamma 0.0067 | Premium $2,252,500 | SELL EST. | Conf 1.00 || $82.50 CALL | DTE 10 | Vol 8103 | OI 1 | IV 87.5% | Delta +0.99 | Gamma 0.0020 | Premium $24,653,378 | SELL EST. | Conf 1.00 || $111.00 CALL | DTE 3 | Vol 525 | OI 4595 | IV 39.1% | Delta +0.69 | Gamma 0.0886 | Premium $132,825 | SELL EST. | Conf 0.89","$109.00 PUT | DTE 10 | Vol 5022 | OI 652 | IV 30.0% | Delta -0.23 | Gamma 0.0541 | Premium $396,738 | BUY EST. | Conf 0.83 || $114.00 PUT | DTE 3 | Vol 85 | OI 14 | IV 42.8% | Delta -0.60 | Gamma 0.0886 | Premium $19,423 | SELL EST. | Conf 0.87 || $112.00 PUT | DTE 10 | Vol 169 | OI 220 | IV 30.7% | Delta -0.42 | Gamma 0.0684 | Premium $30,842 | SELL EST. | Conf 0.86 || $105.00 PUT | DTE 24 | Vol 491 | OI 309 | IV 30.5% | Delta -0.16 | Gamma 0.0277 | Premium $39,034 | SELL EST. | Conf 0.93 || $112.00 PUT | DTE 17 | Vol 27 | OI 11 | IV 30.7% | Delta -0.43 | Gamma 0.0527 | Premium $6,588 | BUY EST. | Conf 0.95",BULLISH RISK-REVERSAL EST.,172.08724017173068,119.0,10.0,7348.5,114.0,3.0,19422.500000000004
TLT,77.11000061035156,1345,17,1,176,675,670,34692924.5,85835866.0,-0.42432136992198555,PUT DOMINANT,78.0,77.0,,,,"$77.00 CALL | DTE 3 | Vol 14193 | OI 3636 | IV 17.2% | Delta +0.55 | Gamma 0.3296 | Premium $858,676 | BUY EST. | Conf 1.00 || $77.00 CALL | DTE 1 | Vol 9763 | OI 1190 | IV 16.4% | Delta +0.57 | Gamma 0.5924 | Premium $410,046 | BUY EST. | Conf 1.00 || $78.00 CALL | DTE 101 | Vol 11031 | OI 6649 | IV 15.5% | Delta +0.51 | Gamma 0.0635 | Premium $2,305,479 | SELL EST. | Conf 1.00 || $77.50 CALL | DTE 1 | Vol 22210 | OI 1653 | IV 15.8% | Delta +0.28 | Gamma 0.5244 | Premium $433,095 | SELL EST. | Conf 1.00 || $77.00 CALL | DTE 17 | Vol 3210 | OI 1278 | IV 17.0% | Delta +0.54 | Gamma 0.1399 | Premium $388,410 | SELL EST. | Conf 1.00","$79.00 PUT | DTE 38 | Vol 1027 | OI 73 | IV 15.7% | Delta -0.64 | Gamma 0.0952 | Premium $277,804 | SELL EST. | Conf 1.00 || $76.50 PUT | DTE 1 | Vol 18206 | OI 3480 | IV 16.2% | Delta -0.17 | Gamma 0.3871 | Premium $245,781 | SELL EST. | Conf 1.00 || $73.00 PUT | DTE 86 | Vol 7117 | OI 1111 | IV 17.0% | Delta -0.21 | Gamma 0.0448 | Premium $668,998 | SELL EST. | Conf 1.00 || $78.00 PUT | DTE 73 | Vol 19561 | OI 45739 | IV 16.7% | Delta -0.50 | Gamma 0.0695 | Premium $5,418,397 | SELL EST. | Conf 1.00 || $83.00 PUT | DTE 45 | Vol 10035 | OI 21161 | IV 17.0% | Delta -0.87 | Gamma 0.0463 | Premium $6,071,175 | BUY EST. | Conf 1.00",BULLISH RISK-REVERSAL EST.,203.25170558125424,77.0,3.0,858676.5,76.5,1.0,245781.0
MRK,139.5399932861328,539,10,3,164,287,252,35603361.5,2819823.0,0.853222837373097,CALL DOMINANT,145.0,140.0,,,,"$137.00 CALL | DTE 3 | Vol 722 | OI 28 | IV 38.1% | Delta +0.71 | Gamma 0.0708 | Premium $250,895 | BUY EST. | Conf 0.89 || $145.00 CALL | DTE 45 | Vol 2803 | OI 2529 | IV 35.5% | Delta +0.42 | Gamma 0.0224 | Premium $1,296,388 | BUY EST. | Conf 0.80 || $152.50 CALL | DTE 24 | Vol 4032 | OI 60 | IV 40.5% | Delta +0.22 | Gamma 0.0203 | Premium $451,584 | BUY EST. | Conf 0.93 || $140.00 CALL | DTE 10 | Vol 757 | OI 1714 | IV 29.5% | Delta +0.49 | Gamma 0.0586 | Premium $190,386 | SELL EST. | Conf 0.83 || $142.00 CALL | DTE 3 | Vol 439 | OI 49 | IV 30.2% | Delta +0.27 | Gamma 0.0866 | Premium $34,242 | BUY EST. | Conf 1.00","$140.00 PUT | DTE 24 | Vol 480 | OI 47 | IV 38.2% | Delta -0.48 | Gamma 0.0292 | Premium $262,800 | UNKNOWN | Conf 0.00 || $138.00 PUT | DTE 3 | Vol 153 | OI 40 | IV 30.4% | Delta -0.33 | Gamma 0.0945 | Premium $15,071 | SELL EST. | Conf 1.00 || $155.00 PUT | DTE 24 | Vol 25 | OI 27 | IV 42.3% | Delta -0.81 | Gamma 0.0177 | Premium $40,062 | SELL EST. | Conf 1.00 || $130.00 PUT | DTE 17 | Vol 810 | OI 571 | IV 29.8% | Delta -0.12 | Gamma 0.0226 | Premium $41,310 | SELL EST. | Conf 1.00 || $139.00 PUT | DTE 24 | Vol 19 | OI 3 | IV 36.6% | Delta -0.45 | Gamma 0.0303 | Premium $9,310 | SELL EST. | Conf 1.00",BULLISH RISK-REVERSAL EST.,188.59195665034534,137.0,3.0,250895.00000000003,130.0,17.0,41310.0
GOOGL,346.4700012207031,1977,14,1,164,1095,882,164057952.0,50208261.5,0.5313469101837653,CALL DOMINANT,350.0,340.0,,,,"$347.50 CALL | DTE 1 | Vol 4072 | OI 326 | IV 32.1% | Delta +0.44 | Gamma 0.0676 | Premium $1,089,260 | SELL EST. | Conf 1.00 || $345.00 CALL | DTE 1 | Vol 4507 | OI 1220 | IV 36.4% | Delta +0.59 | Gamma 0.0587 | Premium $1,825,335 | SELL EST. | Conf 0.81 || $345.00 CALL | DTE 24 | Vol 4067 | OI 1300 | IV 39.1% | Delta +0.55 | Gamma 0.0114 | Premium $5,856,480 | SELL EST. | Conf 1.00 || $355.00 CALL | DTE 3 | Vol 12275 | OI 6859 | IV 32.9% | Delta +0.21 | Gamma 0.0283 | Premium $1,951,725 | SELL EST. | Conf 1.00 || $332.50 CALL | DTE 3 | Vol 614 | OI 625 | IV 44.4% | Delta +0.85 | Gamma 0.0165 | Premium $917,930 | BUY EST. | Conf 1.00","$345.00 PUT | DTE 3 | Vol 1947 | OI 1139 | IV 30.8% | Delta -0.43 | Gamma 0.0406 | Premium $696,052 | SELL EST. | Conf 1.00 || $360.00 PUT | DTE 3 | Vol 150 | OI 281 | IV 37.1% | Delta -0.87 | Gamma 0.0184 | Premium $212,625 | SELL EST. | Conf 1.00 || $340.00 PUT | DTE 10 | Vol 2172 | OI 11082 | IV 29.1% | Delta -0.33 | Gamma 0.0217 | Premium $863,370 | BUY EST. | Conf 1.00 || $350.00 PUT | DTE 10 | Vol 745 | OI 6165 | IV 28.6% | Delta -0.57 | Gamma 0.0240 | Premium $603,450 | BUY EST. | Conf 0.90 || $345.00 PUT | DTE 1 | Vol 1164 | OI 173 | IV 32.3% | Delta -0.40 | Gamma 0.0656 | Premium $271,794 | UNKNOWN | Conf 0.00",BULLISH RISK-REVERSAL EST.,191.10078575319193,355.0,6.0,30178.000000000004,345.0,3.0,696052.5
TSLA,378.7300109863281,2530,14,1,164,1308,1222,526787999.5,573980028.0,-0.04287191063059832,BALANCED,380.0,380.0,,,,"$377.50 CALL | DTE 1 | Vol 15505 | OI 750 | IV 40.8% | Delta +0.57 | Gamma 0.0486 | Premium $7,830,025 | SELL EST. | Conf 0.83 || $377.50 CALL | DTE 3 | Vol 9631 | OI 5876 | IV 44.1% | Delta +0.54 | Gamma 0.0262 | Premium $6,934,320 | BUY EST. | Conf 1.00 || $365.00 CALL | DTE 1 | Vol 1460 | OI 919 | IV 51.0% | Delta +0.92 | Gamma 0.0148 | Premium $2,120,650 | SELL EST. | Conf 1.00 || $380.00 CALL | DTE 6 | Vol 4677 | OI 1615 | IV 34.9% | Delta +0.48 | Gamma 0.0235 | Premium $3,098,512 | SELL EST. | Conf 0.87 || $367.50 CALL | DTE 6 | Vol 462 | OI 92 | IV 39.5% | Delta +0.74 | Gamma 0.0170 | Premium $665,280 | BUY EST. | Conf 1.00","$377.50 PUT | DTE 1 | Vol 15612 | OI 91 | IV 38.4% | Delta -0.43 | Gamma 0.0516 | Premium $5,698,380 | BUY EST. | Conf 1.00 || $385.00 PUT | DTE 1 | Vol 2375 | OI 49 | IV 42.3% | Delta -0.77 | Gamma 0.0366 | Premium $1,822,812 | BUY EST. | Conf 0.91 || $382.50 PUT | DTE 3 | Vol 1771 | OI 177 | IV 39.2% | Delta -0.60 | Gamma 0.0287 | Premium $1,332,678 | BUY EST. | Conf 1.00 || $385.00 PUT | DTE 3 | Vol 3813 | OI 286 | IV 39.3% | Delta -0.67 | Gamma 0.0269 | Premium $3,488,895 | BUY EST. | Conf 0.95 || $377.50 PUT | DTE 6 | Vol 2403 | OI 29 | IV 33.3% | Delta -0.46 | Gamma 0.0245 | Premium $1,507,882 | BUY EST. | Conf 1.00",BULLISH RISK-REVERSAL EST.,194.19689381101765,395.0,31.0,1151587.5,390.0,31.0,572040.0
TQQQ,83.12000274658203,1302,12,1,164,662,640,49840145.5,19523092.0,0.43707667912703757,CALL DOMINANT,85.0,81.0,,,,"$82.00 CALL | DTE 1 | Vol 2340 | OI 781 | IV 52.6% | Delta +0.70 | Gamma 0.1529 | Premium $434,070 | SELL EST. | Conf 1.00 || $83.00 CALL | DTE 3 | Vol 3714 | OI 1948 | IV 51.3% | Delta +0.52 | Gamma 0.1030 | Premium $659,235 | SELL EST. | Conf 1.00 || $83.00 CALL | DTE 1 | Vol 2650 | OI 601 | IV 48.4% | Delta +0.53 | Gamma 0.1888 | Premium $321,975 | SELL EST. | Conf 1.00 || $81.00 CALL | DTE 1 | Vol 1058 | OI 795 | IV 52.3% | Delta +0.83 | Gamma 0.1104 | Premium $275,080 | SELL EST. | Conf 1.00 || $82.00 CALL | DTE 3 | Vol 3239 | OI 3960 | IV 50.7% | Delta +0.63 | Gamma 0.0991 | Premium $766,024 | SELL EST. | Conf 1.00","$83.00 PUT | DTE 3 | Vol 1650 | OI 52 | IV 49.3% | Delta -0.48 | Gamma 0.1072 | Premium $264,000 | BUY EST. | Conf 1.00 || $80.00 PUT | DTE 24 | Vol 2122 | OI 589 | IV 55.5% | Delta -0.36 | Gamma 0.0316 | Premium $705,565 | BUY EST. | Conf 1.00 || $82.00 PUT | DTE 3 | Vol 2324 | OI 857 | IV 50.6% | Delta -0.37 | Gamma 0.0992 | Premium $280,042 | BUY EST. | Conf 1.00 || $82.00 PUT | DTE 1 | Vol 2522 | OI 187 | IV 49.6% | Delta -0.29 | Gamma 0.1599 | Premium $180,323 | BUY EST. | Conf 1.00 || $84.00 PUT | DTE 1 | Vol 558 | OI 15 | IV 49.0% | Delta -0.65 | Gamma 0.1731 | Premium $90,396 | BUY EST. | Conf 1.00",BULLISH RISK-REVERSAL EST.,192.82933195771795,83.0,31.0,45200.0,82.0,17.0,171570.0
USO,143.99000549316406,2116,13,1,164,1107,1009,64386010.0,21342848.5,0.5020848551249519,CALL DOMINANT,145.0,140.0,,,,"$147.00 CALL | DTE 1 | Vol 1405 | OI 142 | IV 51.6% | Delta +0.23 | Gamma 0.0775 | Premium $134,880 | SELL EST. | Conf 1.00 || $141.00 CALL | DTE 31 | Vol 140 | OI 13 | IV 48.9% | Delta +0.60 | Gamma 0.0189 | Premium $131,250 | BUY EST. | Conf 1.00 || $135.00 CALL | DTE 24 | Vol 178 | OI 80 | IV 50.9% | Delta +0.72 | Gamma 0.0180 | Premium $220,275 | BUY EST. | Conf 1.00 || $128.00 CALL | DTE 1 | Vol 245 | OI 8 | IV 109.6% | Delta +0.98 | Gamma 0.0055 | Premium $387,100 | BUY EST. | Conf 1.00 || $132.00 CALL | DTE 1 | Vol 195 | OI 16 | IV 85.3% | Delta +0.98 | Gamma 0.0089 | Premium $240,338 | SELL EST. | Conf 0.81","$146.00 PUT | DTE 3 | Vol 1688 | OI 963 | IV 50.2% | Delta -0.61 | Gamma 0.0586 | Premium $683,640 | SELL EST. | Conf 0.80 || $144.00 PUT | DTE 1 | Vol 626 | OI 353 | IV 50.4% | Delta -0.49 | Gamma 0.1049 | Premium $132,086 | BUY EST. | Conf 1.00 || $145.00 PUT | DTE 24 | Vol 248 | OI 223 | IV 46.0% | Delta -0.49 | Gamma 0.0235 | Premium $183,520 | BUY EST. | Conf 1.00 || $143.00 PUT | DTE 1 | Vol 547 | OI 448 | IV 50.6% | Delta -0.39 | Gamma 0.1007 | Premium $92,170 | SELL EST. | Conf 0.86 || $149.00 PUT | DTE 73 | Vol 186 | OI 210 | IV 44.6% | Delta -0.51 | Gamma 0.0139 | Premium $264,585 | BUY EST. | Conf 1.00",BULLISH RISK-REVERSAL EST.,190.23914947182925,141.0,31.0,131250.0,140.0,45.0,486180.0
MRNA,203.2100067138672,1085,11,3,164,545,540,79380711.5,19935634.0,0.5985427393721409,CALL DOMINANT,197.5,180.0,,,,"$192.50 CALL | DTE 3 | Vol 434 | OI 159 | IV 95.6% | Delta +0.75 | Gamma 0.0181 | Premium $623,875 | SELL EST. | Conf 1.00 || $197.50 CALL | DTE 10 | Vol 252 | OI 91 | IV 81.4% | Delta +0.61 | Gamma 0.0140 | Premium $362,250 | SELL EST. | Conf 1.00 || $195.00 CALL | DTE 10 | Vol 697 | OI 475 | IV 78.2% | Delta +0.65 | Gamma 0.0140 | Premium $1,071,638 | SELL EST. | Conf 0.82 || $220.00 CALL | DTE 3 | Vol 2276 | OI 332 | IV 96.9% | Delta +0.20 | Gamma 0.0155 | Premium $604,278 | SELL EST. | Conf 1.00 || $190.00 CALL | DTE 10 | Vol 959 | OI 1377 | IV 75.5% | Delta +0.73 | Gamma 0.0130 | Premium $1,745,380 | BUY EST. | Conf 0.83","$197.50 PUT | DTE 3 | Vol 392 | OI 91 | IV 92.9% | Delta -0.35 | Gamma 0.0216 | Premium $205,800 | SELL EST. | Conf 0.80 || $190.00 PUT | DTE 3 | Vol 1225 | OI 665 | IV 92.4% | Delta -0.20 | Gamma 0.0164 | Premium $335,038 | BUY EST. | Conf 1.00 || $192.50 PUT | DTE 3 | Vol 361 | OI 158 | IV 91.5% | Delta -0.24 | Gamma 0.0186 | Premium $121,838 | BUY EST. | Conf 1.00 || $215.00 PUT | DTE 3 | Vol 47 | OI 10 | IV 96.2% | Delta -0.73 | Gamma 0.0188 | Premium $73,203 | BUY EST. | Conf 0.82 || $202.50 PUT | DTE 3 | Vol 1145 | OI 34 | IV 92.1% | Delta -0.47 | Gamma 0.0234 | Premium $853,025 | UNKNOWN | Conf 0.00",BULLISH RISK-REVERSAL EST.,185.58082687034744,190.0,10.0,1745380.0,187.5,3.0,190275.0
SOXL,164.27000427246094,2280,12,1,136,1154,1126,87817543.5,47688655.0,0.29614061160456806,CALL DOMINANT,165.0,145.0,,,,"$160.00 CALL | DTE 6 | Vol 167 | OI 34 | IV 90.9% | Delta +0.61 | Gamma 0.0200 | Premium $174,515 | SELL EST. | Conf 0.85 || $170.00 CALL | DTE 3 | Vol 1132 | OI 1367 | IV 94.2% | Delta +0.36 | Gamma 0.0267 | Premium $464,120 | SELL EST. | Conf 1.00 || $159.00 CALL | DTE 1 | Vol 72 | OI 16 | IV 90.4% | Delta +0.76 | Gamma 0.0398 | Premium $53,640 | SELL EST. | Conf 1.00 || $163.00 CALL | DTE 6 | Vol 91 | OI 17 | IV 81.9% | Delta +0.55 | Gamma 0.0229 | Premium $73,255 | SELL EST. | Conf 0.96 || $162.00 CALL | DTE 10 | Vol 198 | OI 204 | IV 95.9% | Delta +0.57 | Gamma 0.0151 | Premium $237,600 | SELL EST. | Conf 1.00","$160.00 PUT | DTE 1 | Vol 2177 | OI 138 | IV 91.8% | Delta -0.28 | Gamma 0.0429 | Premium $562,754 | BUY EST. | Conf 0.93 || $170.00 PUT | DTE 1 | Vol 102 | OI 16 | IV 78.0% | Delta -0.79 | Gamma 0.0426 | Premium $75,225 | BUY EST. | Conf 1.00 || $163.00 PUT | DTE 1 | Vol 395 | OI 47 | IV 83.9% | Delta -0.42 | Gamma 0.0542 | Premium $136,275 | BUY EST. | Conf 0.83 || $161.00 PUT | DTE 1 | Vol 375 | OI 18 | IV 88.0% | Delta -0.32 | Gamma 0.0474 | Premium $104,625 | BUY EST. | Conf 0.94 || $164.00 PUT | DTE 1 | Vol 174 | OI 45 | IV 79.1% | Delta -0.47 | Gamma 0.0585 | Premium $64,380 | BUY EST. | Conf 0.84",BULLISH RISK-REVERSAL EST.,179.38533332858495,173.0,1.0,28371.000000000004,164.0,3.0,92355.0
