rank,ticker,rr_score,structure,call_buy_estimate,call_strike,call_dte,call_premium,put_sell_estimate,put_strike,put_dte,put_premium,combined_premium,premium_balance,direction_quality,flow_quality
1,SPY,81.07,CALL BUY + PUT SELL,CALL BUY EST.,785.0,3,11531479.999999998,PUT SELL EST.,770.0,3,4543484.0,16074963.999999998,0.5652869891341592,56.52869891341592,86.87733396897825
2,NVDA,76.77,CALL BUY + PUT SELL,CALL BUY EST.,255.0,101,582750.0,PUT SELL EST.,220.0,101,22191120.0,22773870.0,0.051177072671443224,5.117707267144322,74.55976928143092
3,IWM,75.69,CALL BUY + PUT SELL,CALL BUY EST.,284.0,24,13748409.000000002,PUT SELL EST.,280.0,24,1310359.9999999998,15058769.000000002,0.17403281768914836,17.403281768914837,86.21696080980843
4,QQQ,71.17,CALL BUY + PUT SELL,CALL BUY EST.,767.0,10,2947392.0,PUT SELL EST.,755.0,10,5688245.5,8635637.5,0.6826113300842005,68.26113300842005,87.54230655814932
5,SPCX,68.91,CALL BUY + PUT SELL,CALL BUY EST.,175.0,10,6749820.0,PUT SELL EST.,165.0,10,2514419.9999999995,9264240.0,0.5428227247998756,54.28227247998756,88.75379717062117
6,SNDK,63.42,CALL BUY + PUT SELL,CALL BUY EST.,1725.0,3,4800815.0,PUT SELL EST.,1680.0,3,1136249.9999999998,5937065.0,0.38276488466944525,38.27648846694453,87.19707684894477
7,TLT,61.55,CALL BUY + PUT SELL,CALL BUY EST.,77.5,3,310359.5,PUT SELL EST.,77.0,3,281070.0,591429.5,0.9504767685751218,95.04767685751217,85.86665524528452
8,HOOD,61.06,CALL BUY + PUT SELL,CALL BUY EST.,118.0,3,514242.0,PUT SELL EST.,113.0,3,602924.0,1117166.0,0.9206187800201582,92.06187800201582,89.32255186531323
9,FDX,60.59,CALL BUY + PUT SELL,CALL BUY EST.,290.0,3,142636.0,PUT SELL EST.,287.5,3,107088.0,249724.0,0.8576508465345741,85.76508465345741,88.26913763172539
10,LITE,60.2,CALL BUY + PUT SELL,CALL BUY EST.,1110.0,3,419525.0,PUT SELL EST.,1070.0,3,487770.0,907295.0,0.9247819066566001,92.47819066566001,85.55391414845352
11,UPS,59.93,CALL BUY + PUT SELL,CALL BUY EST.,94.0,24,58140.0,PUT SELL EST.,93.0,24,49320.0,107460.0,0.9179229480737019,91.79229480737018,84.49946425180457
12,MSFT,59.78,CALL BUY + PUT SELL,CALL BUY EST.,570.0,73,4853534.999999999,PUT SELL EST.,520.0,73,1553350.0,6406884.999999999,0.48490022842613856,48.490022842613854,79.43703572845006
13,GEV,59.69,CALL BUY + PUT SELL,CALL BUY EST.,1005.0,3,151800.0,PUT SELL EST.,990.0,3,200335.00000000003,352135.0,0.8621693384639413,86.21693384639413,85.14085107039224
14,ORCL,59.45,CALL BUY + PUT SELL,CALL BUY EST.,144.0,10,201310.0,PUT SELL EST.,142.0,10,140862.5,342172.5,0.8233420277783866,82.33420277783866,85.59142549630302
15,NBIS,59.41,CALL BUY + PUT SELL,CALL BUY EST.,237.5,10,462822.5,PUT SELL EST.,230.0,10,332349.99999999994,795172.5,0.8359192502255799,83.59192502255799,85.78122262929995
16,GLD,59.27,CALL BUY + PUT SELL,CALL BUY EST.,382.0,3,74888.00000000001,PUT SELL EST.,378.0,3,65780.0,140668.0,0.935251798561151,93.5251798561151,80.93267948616771
17,BE,59.04,CALL BUY + PUT SELL,CALL BUY EST.,292.5,3,301875.0,PUT SELL EST.,272.5,3,345989.00000000006,647864.0,0.9319085487077534,93.19085487077534,88.8575030999535
18,ASML,58.55,CALL BUY + PUT SELL,CALL BUY EST.,1880.0,3,59129.99999999999,PUT SELL EST.,1855.0,3,59685.0,118815.0,0.9953288726170937,99.53288726170936,76.36075288548498
19,STX,58.46,CALL BUY + PUT SELL,CALL BUY EST.,927.5,3,329260.00000000006,PUT SELL EST.,875.0,3,452010.00000000006,781270.0000000001,0.8428840221690325,84.28840221690325,87.18228840583338
20,MPC,58.35,CALL BUY + PUT SELL,CALL BUY EST.,440.0,73,202675.0,PUT SELL EST.,430.0,73,171785.0,374460.0,0.9175078780110025,91.75078780110026,79.01635677446089
