ticker,current_price,call_wall,put_wall,support,resistance,call_gex,put_gex,net_gex,structure,price_location,gex_structure,wall_structure,data_source
LULU,93.61000061035156,95.0,90.0,90.0,95.0,16124155.90359582,-24947843.011931192,-8823687.108335372,NEGATIVE GEX STRUCTURE,ABOVE SUPPORT | NEAR RESISTANCE,NEGATIVE GEX,RANGE,STEP4_GAMMA_OI_GEX_PROXY
MRVL,287.010009765625,290.0,270.0,270.0,290.0,245255444.50942808,-77737355.24697734,167518089.26245075,POSITIVE GEX STRUCTURE,ABOVE SUPPORT | NEAR RESISTANCE,POSITIVE GEX,RANGE,STEP4_GAMMA_OI_GEX_PROXY
MSFT,529.2999877929688,530.0,525.0,525.0,530.0,2711434913.3491335,-546998628.1374595,2164436285.2116737,POSITIVE GEX STRUCTURE,NEAR SUPPORT | NEAR RESISTANCE,POSITIVE GEX,RANGE,STEP4_GAMMA_OI_GEX_PROXY
HYG,77.2699966430664,79.0,77.0,77.0,79.0,2042711777.9181406,-4446829795.420532,-2404118017.502392,NEGATIVE GEX STRUCTURE,NEAR SUPPORT | BELOW RESISTANCE,NEGATIVE GEX,RANGE,STEP4_GAMMA_OI_GEX_PROXY
JPM,331.2799987792969,335.0,330.0,330.0,335.0,242319637.44460952,-206992963.99107268,35326673.45353684,POSITIVE GEX STRUCTURE,NEAR SUPPORT | NEAR RESISTANCE,POSITIVE GEX,RANGE,STEP4_GAMMA_OI_GEX_PROXY
SPY,779.0900268554688,785.0,775.0,775.0,785.0,23870696292.947624,-15370687798.70602,8500008494.241604,POSITIVE GEX STRUCTURE,NEAR SUPPORT | NEAR RESISTANCE,POSITIVE GEX,RANGE,STEP4_GAMMA_OI_GEX_PROXY
TSLA,380.6799926757813,382.5,380.0,380.0,382.5,1186944261.2863476,-667449364.5060176,519494896.78033006,POSITIVE GEX STRUCTURE,NEAR SUPPORT | NEAR RESISTANCE,POSITIVE GEX,RANGE,STEP4_GAMMA_OI_GEX_PROXY
SLV,55.45000076293945,56.0,55.0,55.0,56.0,174683782.38843828,-124118788.03367646,50564994.354761824,POSITIVE GEX STRUCTURE,NEAR SUPPORT | NEAR RESISTANCE,POSITIVE GEX,RANGE,STEP4_GAMMA_OI_GEX_PROXY
NVDA,239.2400054931641,240.0,235.0,235.0,240.0,3037511903.957736,-955079732.6336894,2082432171.3240466,POSITIVE GEX STRUCTURE,NEAR SUPPORT | NEAR RESISTANCE,POSITIVE GEX,RANGE,STEP4_GAMMA_OI_GEX_PROXY
TLT,77.27999877929688,78.0,77.0,77.0,78.0,1285185706.8259065,-1230501610.2292738,54684096.59663272,POSITIVE GEX STRUCTURE,NEAR SUPPORT | NEAR RESISTANCE,POSITIVE GEX,RANGE,STEP4_GAMMA_OI_GEX_PROXY
IWM,281.3399963378906,285.0,280.0,280.0,285.0,2345859589.749234,-6496526110.689259,-4150666520.9400244,NEGATIVE GEX STRUCTURE,NEAR SUPPORT | NEAR RESISTANCE,NEGATIVE GEX,RANGE,STEP4_GAMMA_OI_GEX_PROXY
GLD,382.2699890136719,390.0,380.0,380.0,390.0,1586662480.780233,-1497215429.289876,89447051.49035692,POSITIVE GEX STRUCTURE,NEAR SUPPORT | BELOW RESISTANCE,POSITIVE GEX,RANGE,STEP4_GAMMA_OI_GEX_PROXY
TQQQ,84.25,85.0,84.0,84.0,85.0,83250436.32039347,-34352292.42407573,48898143.89631774,POSITIVE GEX STRUCTURE,NEAR SUPPORT | NEAR RESISTANCE,POSITIVE GEX,RANGE,STEP4_GAMMA_OI_GEX_PROXY
LQD,102.13999938964844,105.0,102.0,102.0,105.0,758080518.984349,-931631920.3824425,-173551401.39809346,NEGATIVE GEX STRUCTURE,NEAR SUPPORT | BELOW RESISTANCE,NEGATIVE GEX,RANGE,STEP4_GAMMA_OI_GEX_PROXY
QQQ,759.6599731445312,760.0,750.0,750.0,760.0,12877309756.09669,-8091504805.85458,4785804950.242109,POSITIVE GEX STRUCTURE,NEAR SUPPORT | NEAR RESISTANCE,POSITIVE GEX,RANGE,STEP4_GAMMA_OI_GEX_PROXY
SOXL,164.25999450683594,165.0,160.0,160.0,165.0,50467537.77222142,-32245197.01714521,18222340.755076215,POSITIVE GEX STRUCTURE,ABOVE SUPPORT | NEAR RESISTANCE,POSITIVE GEX,RANGE,STEP4_GAMMA_OI_GEX_PROXY
SMH,632.5,640.0,630.0,630.0,640.0,875447219.1337981,-497480433.51002,377966785.6237781,POSITIVE GEX STRUCTURE,NEAR SUPPORT | NEAR RESISTANCE,POSITIVE GEX,RANGE,STEP4_GAMMA_OI_GEX_PROXY
XLK,202.0,205.0,200.0,200.0,205.0,102116943.20021532,-69855347.48758969,32261595.712625638,POSITIVE GEX STRUCTURE,NEAR SUPPORT | NEAR RESISTANCE,POSITIVE GEX,RANGE,STEP4_GAMMA_OI_GEX_PROXY
USO,144.91000366210938,151.0,140.0,140.0,151.0,109309170.84739815,-120821147.70319733,-11511976.855799183,NEGATIVE GEX STRUCTURE,ABOVE SUPPORT | BELOW RESISTANCE,NEGATIVE GEX,RANGE,STEP4_GAMMA_OI_GEX_PROXY
UNH,376.3200073242188,380.0,375.0,375.0,380.0,181091117.31130427,-224176088.68360823,-43084971.37230396,NEGATIVE GEX STRUCTURE,NEAR SUPPORT | NEAR RESISTANCE,NEGATIVE GEX,RANGE,STEP4_GAMMA_OI_GEX_PROXY
