rank,symbol,top20_score,max_flow_score,avg_flow_score,total_volume,total_premium,call_premium,put_premium,call_put_imbalance,max_volume_oi,avg_volume_oi,buy_premium_est,sell_premium_est,directional_ratio,flow_direction,estimated_direction,top_dte,top_call_options,top_put_options,selection_reason
1,SPCX,95.11662163636615,93.17040745976844,56.794429954970035,1473996,731535394.0,592297287.0,139238107.0,0.6193263972132563,734.0,2.779185314661104,136731518.5,179042835.0,-0.13399225121048344,CALL DOMINANT,MIXED / UNKNOWN,3,CALL $165.00 DTE 3 Score 93.2 / CALL $167.50 DTE 3 Score 93.1 / CALL $162.50 DTE 3 Score 93.0,PUT $175.00 DTE 3 Score 92.7 / PUT $170.00 DTE 3 Score 92.3 / PUT $172.50 DTE 3 Score 92.3,Very high option flow score | Volume/OI surge | Large estimated premium | Call premium dominance
2,NVDA,94.78250121665616,93.00484303105216,53.88102163031991,2196060,1070236276.5,832051157.0,238185119.5,0.5548924574320389,3076.0,4.709657752732604,163854532.0,351432505.0,-0.3640261825565777,CALL DOMINANT,SELL EST. DOMINANT,3,CALL $235.00 DTE 1 Score 92.5 / CALL $225.00 DTE 1 Score 92.4 / CALL $227.50 DTE 1 Score 92.3,PUT $252.50 DTE 3 Score 93.0 / PUT $242.50 DTE 1 Score 92.5 / PUT $255.00 DTE 3 Score 92.2,Very high option flow score | Volume/OI surge | Large estimated premium | Call premium dominance | Sell-side estimate dominance
3,AAPL,93.27819298659256,92.95799884230208,49.92879218588802,422268,193801533.5,154660162.0,39141371.5,0.5960674738417382,223.5,0.9852465122178234,49835390.5,50573547.5,-0.0073515068947348095,CALL DOMINANT,MIXED / UNKNOWN,1,CALL $332.50 DTE 1 Score 91.1 / CALL $335.00 DTE 1 Score 90.2 / CALL $332.50 DTE 3 Score 89.6,PUT $345.00 DTE 1 Score 93.0 / PUT $347.50 DTE 1 Score 92.8 / PUT $335.00 DTE 1 Score 91.6,Very high option flow score | Volume/OI surge | Large estimated premium | Call premium dominance
4,META,92.66819376561399,91.4526271865236,51.54040529234658,364459,902202966.5,755444358.0,146758608.5,0.6746660918898675,246.0,1.1166804212501102,155752614.0,523998930.5,-0.5417366381577968,CALL DOMINANT,SELL EST. DOMINANT,1,CALL $730.00 DTE 1 Score 91.5 / CALL $732.50 DTE 1 Score 91.4 / CALL $740.00 DTE 1 Score 91.1,PUT $745.00 DTE 1 Score 91.0 / PUT $742.50 DTE 1 Score 90.6 / PUT $747.50 DTE 1 Score 90.5,Very high option flow score | Volume/OI surge | Large estimated premium | Call premium dominance | Sell-side estimate dominance
5,AMZN,91.74215074387932,94.60421515672304,55.51548199298973,465022,197861696.5,137288190.5,60573506.0,0.38771872402296925,219.0,1.1045809920341,40387074.5,71058293.0,-0.27521304104452793,CALL DOMINANT,SELL EST. DOMINANT,1,CALL $242.50 DTE 1 Score 94.6 / CALL $240.00 DTE 1 Score 93.4 / CALL $245.00 DTE 1 Score 93.1,PUT $262.50 DTE 1 Score 94.2 / PUT $260.00 DTE 1 Score 94.0 / PUT $265.00 DTE 1 Score 94.0,Very high option flow score | Volume/OI surge | Large estimated premium | Call premium dominance | Sell-side estimate dominance
6,MSFT,90.9391642377468,91.34654476274682,56.01273175806866,383169,367609016.5,279552637.0,88056379.5,0.5209237230447529,521.3,2.213375054426488,94569470.5,66334186.0,0.17547944598760562,CALL DOMINANT,MIXED / UNKNOWN,1,CALL $525.00 DTE 1 Score 91.0 / CALL $505.00 DTE 1 Score 90.5 / CALL $522.50 DTE 1 Score 90.2,PUT $530.00 DTE 1 Score 91.3 / PUT $527.50 DTE 1 Score 91.2 / PUT $525.00 DTE 1 Score 90.8,Very high option flow score | Volume/OI surge | Large estimated premium | Call premium dominance
7,HYG,90.88301717283221,92.23292753838072,48.49621556651553,677844,55762967.5,10003279.0,45759688.5,-0.6412214253124172,1157.0,10.972245288269871,4646312.0,4675721.0,-0.0031547839403700886,PUT DOMINANT,MIXED / UNKNOWN,10,CALL $77.00 DTE 10 Score 87.9 / CALL $75.50 DTE 24 Score 87.7 / CALL $76.00 DTE 10 Score 86.7,PUT $82.00 DTE 10 Score 92.2 / PUT $85.00 DTE 10 Score 91.5 / PUT $80.00 DTE 10 Score 90.6,Very high option flow score | Volume/OI surge | Large estimated premium | Put premium dominance
8,SPY,90.64077910281628,91.84895947439408,53.537501277223306,4469366,1183732807.5,748057242.0,435675565.5,0.2638954285298036,910.0,2.377455120631643,388704558.0,428575207.5,-0.04878457926290113,CALL DOMINANT,MIXED / UNKNOWN,1,CALL $771.00 DTE 1 Score 91.6 / CALL $772.00 DTE 1 Score 91.5 / CALL $773.00 DTE 1 Score 91.5,PUT $780.00 DTE 1 Score 91.8 / PUT $777.00 DTE 1 Score 91.6 / PUT $779.00 DTE 1 Score 91.4,Very high option flow score | Volume/OI surge | Large estimated premium | Call premium dominance
9,JPM,90.58487542565655,91.5718126331771,51.82789419444184,59635,145499591.0,133027405.0,12472186.0,0.8285605352663844,114.16666666666667,0.94700128395859,23668233.0,6068020.0,0.5918772953673753,CALL DOMINANT,BUY EST. DOMINANT,3,CALL $325.00 DTE 3 Score 91.6 / CALL $320.00 DTE 3 Score 90.9 / CALL $322.50 DTE 3 Score 90.6,PUT $335.00 DTE 24 Score 83.5 / PUT $327.50 DTE 10 Score 83.4 / PUT $330.00 DTE 10 Score 83.1,Very high option flow score | Volume/OI surge | Large estimated premium | Call premium dominance | Buy-side estimate dominance
10,LULU,90.51906684298072,90.71208937849455,51.37054015671334,45140,148601865.5,5634280.0,142967585.5,-0.9241694580207003,478.0,2.2198691054949036,3236721.0,136809709.0,-0.9537764582788723,PUT DOMINANT,SELL EST. DOMINANT,3,CALL $92.00 DTE 3 Score 90.7 / CALL $93.00 DTE 3 Score 90.0 / CALL $91.00 DTE 3 Score 90.0,PUT $92.00 DTE 10 Score 88.6 / PUT $94.00 DTE 3 Score 88.0 / PUT $93.00 DTE 3 Score 87.4,Very high option flow score | Volume/OI surge | Large estimated premium | Put premium dominance | Sell-side estimate dominance
11,AMD,90.35700042413609,91.5235943337516,54.94283126000959,252762,648855426.5,495855567.5,152999859.0,0.5284007723406163,132.0,1.0371547510360957,96654123.5,121801961.5,-0.11511621660710435,CALL DOMINANT,MIXED / UNKNOWN,1,CALL $630.00 DTE 1 Score 91.5 / CALL $627.50 DTE 1 Score 91.4 / CALL $625.00 DTE 1 Score 91.1,PUT $630.00 DTE 1 Score 90.8 / PUT $632.50 DTE 1 Score 90.2 / PUT $637.50 DTE 1 Score 90.0,Very high option flow score | Volume/OI surge | Large estimated premium | Call premium dominance
12,CSCO,90.20335895364083,91.13893489107448,51.24703224458889,56773,61795667.0,59125602.0,2670065.0,0.9135840705465643,8103.0,13.851336121802232,2202512.0,54007528.5,-0.921632790853442,CALL DOMINANT,SELL EST. DOMINANT,10,CALL $92.50 DTE 10 Score 91.1 / CALL $87.50 DTE 10 Score 90.3 / CALL $82.50 DTE 10 Score 88.5,PUT $109.00 DTE 10 Score 87.5 / PUT $114.00 DTE 3 Score 84.2 / PUT $113.00 DTE 10 Score 84.0,Very high option flow score | Volume/OI surge | Large estimated premium | Call premium dominance | Sell-side estimate dominance
13,TLT,90.00156633466644,91.88613150101104,56.720640402630735,1000363,130276784.5,34698575.5,95578209.0,-0.46730991813817757,400.0,1.4861149046440638,44863459.0,38682756.0,0.07397944957769781,PUT DOMINANT,MIXED / UNKNOWN,1,CALL $76.50 DTE 1 Score 91.9 / CALL $74.50 DTE 1 Score 91.7 / CALL $75.00 DTE 1 Score 91.2,PUT $77.50 DTE 1 Score 89.6 / PUT $98.00 DTE 10 Score 88.3 / PUT $77.00 DTE 1 Score 88.1,Very high option flow score | Volume/OI surge | Large estimated premium | Put premium dominance
14,MRK,89.9377514646848,92.89426005985892,51.68600496919424,46865,38434614.5,35614747.5,2819867.0,0.8532641975633709,267.0,2.220781638826857,31417478.0,1293134.5,0.9209348647934978,CALL DOMINANT,BUY EST. DOMINANT,3,CALL $135.00 DTE 3 Score 92.9 / CALL $137.00 DTE 3 Score 91.0 / CALL $134.00 DTE 3 Score 88.2,PUT $140.00 DTE 24 Score 87.7 / PUT $140.00 DTE 3 Score 85.1 / PUT $140.00 DTE 45 Score 83.2,Very high option flow score | Volume/OI surge | Large estimated premium | Call premium dominance | Buy-side estimate dominance
15,GOOGL,89.79085185669554,91.46045719009685,49.26460162223742,335538,216454346.5,164619590.0,51834756.5,0.5210559885892613,141.0,0.6939109313687123,46081099.0,55358151.5,-0.0914542689764846,CALL DOMINANT,MIXED / UNKNOWN,1,CALL $345.00 DTE 1 Score 91.5 / CALL $347.50 DTE 1 Score 90.8 / CALL $342.50 DTE 1 Score 90.3,PUT $345.00 DTE 1 Score 89.5 / PUT $345.00 DTE 3 Score 88.8 / PUT $342.50 DTE 1 Score 87.8,Very high option flow score | Volume/OI surge | Large estimated premium | Call premium dominance
16,TSLA,89.47921619893376,92.79179155877588,55.091703804980355,1112175,1116388114.5,531750074.5,584638040.0,-0.04737417463790099,2672.0,3.52523106920941,543225219.5,205373148.0,0.45131286169950136,BALANCED,BUY EST. DOMINANT,1,CALL $370.00 DTE 1 Score 92.8 / CALL $372.50 DTE 1 Score 92.5 / CALL $375.00 DTE 1 Score 92.5,PUT $385.00 DTE 1 Score 92.6 / PUT $390.00 DTE 1 Score 92.5 / PUT $382.50 DTE 1 Score 92.3,Very high option flow score | Volume/OI surge | Large estimated premium | Buy-side estimate dominance
17,TQQQ,89.37219404828716,92.76531354898692,61.14153407939031,235817,73709030.5,52530881.5,21178149.0,0.4253580909601029,803.0,1.8320610289974553,13112271.5,14043252.0,-0.034283283104448344,CALL DOMINANT,MIXED / UNKNOWN,1,CALL $82.00 DTE 1 Score 92.8 / CALL $81.00 DTE 1 Score 92.0 / CALL $83.00 DTE 1 Score 91.7,PUT $83.00 DTE 3 Score 91.3 / PUT $84.00 DTE 3 Score 91.3 / PUT $83.00 DTE 1 Score 91.3,Very high option flow score | Volume/OI surge | Large estimated premium | Call premium dominance
18,USO,89.33588208855834,92.21738565973877,54.48103115013606,165679,86791682.5,65220967.0,21570715.5,0.5029312745492635,623.0,1.6149127881834724,16418206.0,16042655.0,0.011569348083527421,CALL DOMINANT,MIXED / UNKNOWN,1,CALL $125.00 DTE 1 Score 92.2 / CALL $126.00 DTE 1 Score 91.9 / CALL $129.00 DTE 1 Score 91.7,PUT $146.00 DTE 3 Score 91.2 / PUT $146.00 DTE 1 Score 90.2 / PUT $143.00 DTE 3 Score 90.2,Very high option flow score | Volume/OI surge | Large estimated premium | Call premium dominance
19,MRNA,89.14738137626885,93.38341029193184,57.08605051936314,93813,99454928.5,79516438.5,19938490.0,0.5990447069699517,70.0,0.9043151692868282,15055598.0,24446222.5,-0.23772637263642063,CALL DOMINANT,MIXED / UNKNOWN,3,CALL $200.00 DTE 3 Score 93.4 / CALL $202.50 DTE 3 Score 92.8 / CALL $190.00 DTE 3 Score 92.0,PUT $202.50 DTE 3 Score 92.7 / PUT $200.00 DTE 3 Score 92.1 / PUT $205.00 DTE 3 Score 92.0,Very high option flow score | Volume/OI surge | Large estimated premium | Call premium dominance
20,SOXL,88.93707979003922,93.43987216921352,60.10675848195686,208119,141639393.5,87975635.5,53663758.0,0.2422481249893237,444.0,1.5464786547080063,26534296.5,40810107.0,-0.21198213597659976,BALANCED,MIXED / UNKNOWN,1,CALL $165.00 DTE 1 Score 93.4 / CALL $162.00 DTE 1 Score 92.9 / CALL $165.00 DTE 3 Score 92.8,PUT $160.00 DTE 1 Score 92.2 / PUT $165.00 DTE 3 Score 91.9 / PUT $160.00 DTE 3 Score 91.8,Very high option flow score | Volume/OI surge | Large estimated premium
